time,u1,u2,u3,y,z,phi,beta
0.0,10.402980000000001,15.0,8.0,0.0,0.5,0.0,-0.5235988
0.02,10.402980000000001,15.0,1.4571969693283642,-0.010008181,0.5197347,0.018666666,-0.28542942
0.04,10.402980000000001,4.69652734329744,-6.154228517492254,-0.018418467,0.5486363,0.073447466,0.01296404
0.06,10.402980000000001,-15.0,-7.970017996760277,-0.016106514,0.5703757,0.15716362,0.16666755
0.08,10.402980000000001,-15.0,-4.504483667543688,-0.011555481,0.5782512,0.22213316,0.12734443
0.1,10.402980000000001,-15.0,1.3749215541810342,-0.007263035,0.5802445,0.25911465,-0.010710448
0.12,10.402980000000001,-15.0,4.62292339085111,0.0006632437,0.58936954,0.2524297,-0.08769994
0.14,10.402980000000001,12.334004367872204,2.954856186380956,0.010574212,0.6131808,0.19341695,-0.01604142
0.16,10.402980000000001,15.0,-1.63801401957572,0.021737972,0.6478342,0.15941527,0.15839666
0.18,10.402980000000001,15.0,-5.06042090583584,0.03670296,0.68302155,0.16978163,0.31154403
0.2,10.402980000000001,2.3704412273904936,-4.718174777170295,0.053109042,0.7107693,0.23364243,0.35084084
0.22,10.402980000000001,-15.0,-1.3714710317842267,0.068007894,0.7324042,0.3164062,0.28535664
0.24,10.402980000000001,-15.0,1.9126640947859093,0.08431405,0.7550633,0.3628272,0.20618755
0.26,10.402980000000001,-15.0,2.4912381454853385,0.10488632,0.78577185,0.3641478,0.20280415
0.28,10.402980000000001,-2.1198007646058055,0.234071482979662,0.12927395,0.8259743,0.31882513,0.29066232
0.3,10.402980000000001,15.0,-2.669309814586582,0.15705436,0.87048745,0.26722544,0.40835598
0.32,10.402980000000001,15.0,-3.790238793676087,0.1867563,0.9128167,0.26274392,0.47722095
0.34,10.402980000000001,9.697332603037886,-2.453648061214139,0.21583933,0.951028,0.3083697,0.46654424
0.36,10.402980000000001,-15.0,-0.036649081024808516,0.24489428,0.98817056,0.38639808,0.41236883
0.38,10.402980000000001,-15.0,1.3859843562293948,0.2769389,1.0289916,0.4245242,0.38067806
0.4,10.402980000000001,-15.0,0.7840764118216684,0.31351435,1.0764452,0.41895434,0.41045228
0.42,10.402980000000001,0.5203043303294734,-1.1102509439814605,0.35417143,1.1292272,0.37129363,0.48530647
0.44,10.402980000000001,15.0,-2.6032686707873127,0.3976177,1.1831797,0.32798105,0.5537424
0.46,10.402980000000001,15.0,-2.5385899161293617,0.44185707,1.2354107,0.33161053,0.5750009
0.48,10.402980000000001,-2.081410429735605,-1.1568664022576398,0.48613876,1.2864058,0.38200957,0.5503919
0.5,10.402980000000001,-15.0,0.27719801119205517,0.53213876,1.3388373,0.42994317,0.5173969
0.52,10.402980000000001,-15.0,0.6034958183382197,0.581936,1.3953842,0.43713757,0.5153828
0.54,10.402980000000001,-12.153137942722005,-0.31327466039840945,0.63603646,1.4566845,0.40272266,0.5534695
0.56,10.402980000000001,15.0,-1.583945465721565,0.6935493,1.5208404,0.33673477,0.6067414
0.58,10.402980000000001,15.0,-2.137629510142576,0.75287896,1.5853659,0.31497076,0.6404432
0.6,10.402980000000001,15.0,-1.609618522556938,0.81268877,1.6494501,0.3389071,0.6389244
0.62,10.402980000000001,-15.0,-0.5417677047273801,0.87339085,1.7141912,0.40713573,0.61615855
0.64,10.402980000000001,-15.0,0.1492568526849803,0.93663037,1.7814851,0.4368091,0.6013742
0.66,10.402980000000001,-15.0,-0.05265990320449088,1.003716,1.8525252,0.42608443,0.61390996
0.68,10.402980000000001,4.688075079753126,-0.889495987199216,1.0745351,1.9268904,0.3755002,0.64847046
0.7000000000000001,10.402980000000001,15.0,-1.611647150224233,1.1480098,2.0029752,0.3397895,0.6821993
0.72,10.402980000000001,15.0,-1.646571425534649,1.2228173,2.0795593,0.34837654,0.69499385
0.74,10.402980000000001,-7.641767576474685,-1.0366804319747,1.298557,2.156713,0.40135443,0.6854043
0.76,10.402980000000001,-15.0,-0.3386613162859718,1.3761477,2.2355056,0.43671873,0.6699841
0.78,10.402980000000001,-15.0,-0.12572253572106856,1.4569488,2.3170688,0.43298614,0.66817874
0.8,10.402980000000001,-2.058207112502295,-0.5235184964258393,1.5414537,2.401737,0.38958883,0.6860883
0.8200000000000001,10.402980000000001,15.0,-1.1438913490525675,1.629096,2.488791,0.342099,0.7128833
0.84,9.438614917797446,15.0,-1.4572942117850474,1.7187413,2.5771887,0.33765957,0.73130846
0.86,8.47899166559562,4.773743893551419,-1.236450661072503,1.8092597,2.6658077,0.37710622,0.7302073
0.88,7.77437923533976,-15.0,-0.6420111462209864,1.9006028,2.754382,0.43258005,0.7133765
0.9,7.129649374206959,-15.0,-0.1301655542423495,1.9936599,2.843361,0.44976592,0.6957586
0.92,6.376408502777516,-15.0,-0.06517814906537395,2.08922,2.9331038,0.4272989,0.6902586
0.9400000000000001,5.532673887198269,15.0,-0.41173944821815806,2.1871333,3.0232093,0.3650057,0.69712186
0.96,4.776708620709776,15.0,-0.7905450646053371,2.2864976,3.112515,0.34381047,0.7049984
0.98,4.293026225825249,15.0,-0.8310435631222779,2.3862994,3.1998854,0.36472335,0.7016959
1.0,4.08436950642377,-15.0,-0.48358271360830063,2.4862504,3.284929,0.42785236,0.684971
1.02,3.9825669753266864,-15.0,-0.04213963927098491,2.5868695,3.3680744,0.45227093,0.66390467
1.04,3.7954399053244283,-15.0,0.1353819966249042,2.688929,3.4499736,0.43680185,0.650496
1.06,3.4663656167885653,8.244431879742898,-0.0625544382308118,2.7926388,3.53082,0.38097176,0.6492511
1.08,3.099477609853669,15.0,-0.42017624887838795,2.8975477,3.6100554,0.34729365,0.6540478
1.1,2.8722270164298256,-15.0,-0.6063924318390943,3.0029252,3.6868072,0.354736,0.654248
1.12,2.864148022639974,-15.0,-0.46445216165585107,3.1083736,3.7605941,0.3237954,0.64421475
1.1400000000000001,2.9887701117298,-15.0,-0.1331152788051564,3.2141075,3.8316596,0.25409335,0.6278049
1.16,3.07747401361674,-15.0,0.09508802847073772,3.320582,3.9007022,0.14474627,0.61425847
1.18,3.019849639249443,-15.0,0.04017829254472377,3.42799,3.9682438,-0.004854381,0.6098469
1.2,2.8526075382637224,3.58220832110279,-0.22132691545144528,3.5360153,4.034175,-0.19456217,0.6126836
1.22,2.7219842259319864,15.0,-0.44091866176051003,3.6439993,4.097868,-0.3741272,0.6148276
1.24,2.7522912099151307,15.0,-0.42108254289302827,3.7512922,4.1587315,-0.51251644,0.609282
1.26,2.9399654508395496,15.0,-0.17615219019717365,3.8575883,4.216678,-0.6097828,0.5957415
1.28,3.1696238603195552,15.0,0.09374010621005752,3.9629304,4.2721205,-0.6665794,0.5803271
1.3,3.322971056562327,15.0,0.1835574151668638,4.067428,4.3255644,-0.683626,0.57005
1.32,3.3745278538190204,15.0,0.05257029763298526,4.1710253,4.3771877,-0.6611621,0.5671824
1.34,3.398480191260055,0.08817541013601016,-0.16159521255840714,4.2735014,4.4267488,-0.5988383,0.5681498
1.36,3.4934141596541184,-15.0,-0.276388836165922,4.3746285,4.4738894,-0.53584856,0.5673307
1.3800000000000001,3.689001392649897,-15.0,-0.2191620820188629,4.4743605,4.51855,-0.51212174,0.5621321
1.4000000000000001,3.9170169209581243,-10.72406828430352,-0.07558146187191972,4.5728517,4.5610604,-0.52781045,0.5547738
1.42,4.085177133960128,15.0,0.0055276356382394365,4.670279,4.601877,-0.5718952,0.54962504
1.44,4.160811754732803,15.0,-0.049057875197674794,4.766658,4.641238,-0.5759946,0.5490064
1.46,4.192366275004056,15.0,-0.18251954887736843,4.8617907,4.6790023,-0.53996325,0.551184
1.48,4.2682900902809955,-15.0,-0.2697554815092561,4.955499,4.71492,-0.46344516,0.5525294
1.5,4.41551693771774,-15.0,-0.24667320104916907,5.047749,4.748936,-0.42620772,0.55104035
1.52,4.589826159435734,-15.0,-0.1580543575623794,5.1387377,4.7813296,-0.42831248,0.5481592
1.54,4.71206646633422,7.098556378703925,-0.110120393107905,5.2286425,4.812452,-0.46999577,0.5468471
1.56,4.762796098438036,15.0,-0.15436106241614478,5.3174906,4.8424735,-0.49245593,0.548571
1.58,4.782308983928934,15.0,-0.24887975152847153,5.4050946,4.871262,-0.47450447,0.5518235
1.6,4.841518883875283,-7.941765132512536,-0.3014354110918764,5.4912705,4.8985987,-0.41588932,0.553831
1.62,4.962059267231906,-15.0,-0.2684916514220962,5.575993,4.9244523,-0.37764838,0.55337226
1.6400000000000001,5.100936793921344,-15.0,-0.19417983968197883,5.6594577,4.949078,-0.37869146,0.5520255
1.6600000000000001,5.1902720115915315,2.9279761678412446,-0.16563601434196362,5.741853,4.972782,-0.41921672,0.5523584
1.68,5.215915647902063,15.0,-0.21768195877645036,5.8231964,4.9956784,-0.45149237,0.55527204
1.7,5.221239473554461,15.0,-0.3021213196349108,5.903285,5.017604,-0.44318753,0.5589894
1.72,5.271353181428024,-1.2875691664299111,-0.3350548459753296,5.9819083,5.0383296,-0.39407703,0.56087
1.74,5.383242257502028,-15.0,-0.28529800612727685,6.0590405,5.057839,-0.34750658,0.56012595
1.76,5.508194551507342,-15.0,-0.20685341584830513,6.134887,5.0764,-0.34017533,0.55873036
1.78,5.578552884035376,-7.106447406414681,-0.1864949535463562,6.2096887,5.094336,-0.37229246,0.5594597
1.8,5.578924653763864,15.0,-0.2538752539655046,6.2834864,5.111749,-0.4228628,0.5630539
1.82,5.559692287299065,15.0,-0.3493798693180308,6.3560824,5.128447,-0.43275613,0.567349
1.84,5.590033649784261,14.417040847493318,-0.38155988017389814,6.4271812,5.1441255,-0.40171778,0.569158
1.86,5.698177668778673,-15.0,-0.3133504503663754,6.4966984,5.158718,-0.3312165,0.5674921
1.8800000000000001,5.829871143989944,-15.0,-0.20871947131298446,6.5648084,5.172492,-0.29987964,0.5646573
1.9000000000000001,5.906260674684057,-15.0,-0.17111882650999166,6.6318846,5.1858788,-0.30798617,0.5644425
1.92,5.88606010187555,4.697765469540592,-0.2526196512262224,6.6980853,5.1990633,-0.3556364,0.56833524
1.94,5.824587219516728,15.0,-0.38714458688815,6.7632823,5.211859,-0.39008558,0.57400787
1.96,5.808868205693531,15.0,-0.4555890104189044,6.827135,5.2238717,-0.38350236,0.57717466
1.98,5.890025449802149,-3.6128102762263903,-0.39063422404643133,6.889426,5.234885,-0.33570427,0.575521
2.0,6.028489834640622,-15.0,-0.24678315332237938,6.950244,5.2450905,-0.29649863,0.570957
2.02,6.129208383450731,-15.0,-0.15459782047556409,7.0099354,5.254953,-0.2966349,0.56812495
2.04,6.12525933612369,-3.21401186588222,-0.20532394547362787,7.068759,5.2647977,-0.33635893,0.57014924
2.06,6.046361024287976,15.0,-0.3596736262909364,7.1266527,5.274527,-0.38410613,0.5756732
2.08,5.990694007543362,15.0,-0.4804993690871845,7.1832786,5.2837114,-0.39089417,0.5799353
2.1,6.038093061417322,8.900706517616037,-0.4561286569389302,7.238302,5.29198,-0.3564009,0.5789849
2.12,6.177998201923426,-15.0,-0.30298773179481603,7.291715,5.2993937,-0.2969561,0.5734216
2.14,6.310337851000465,-15.0,-0.15877844110306427,7.3438263,5.3064117,-0.2767033,0.5679989
2.16,6.340021396148465,-15.0,-0.15762472449804893,7.3950443,5.3135242,-0.2960271,0.5675544
2.18,6.25592861504618,14.01311863781708,-0.3117227225617627,7.4454503,5.320798,-0.35493055,0.5724447
2.2,6.155045462490972,15.0,-0.4873490690557815,7.4947853,5.3278418,-0.37563443,0.5781475
2.22,6.145886835528518,15.0,-0.5290960375712271,7.542603,5.3341284,-0.3550387,0.5790361
2.24,6.264039150333013,-15.0,-0.39257366583105574,7.5887628,5.3395257,-0.29303208,0.57366294
2.2600000000000002,6.419525765682086,-15.0,-0.2002541688297203,7.633501,5.344416,-0.26997858,0.5661257
2.2800000000000002,6.490846042322442,-15.0,-0.12669366421150335,7.677301,5.349402,-0.28639108,0.56264085
2.3000000000000003,6.422617778105642,10.763420578220085,-0.2478837470109866,7.7203426,5.3547273,-0.34246573,0.5656559
2.32,6.295378050405513,15.0,-0.4556473166201288,7.7624145,5.3600836,-0.3691769,0.5716286
2.34,6.2388385487384905,15.0,-0.5632052713121172,7.8030443,5.364868,-0.354673,0.57406175
2.36,6.325525877147894,-12.622626339816215,-0.4689135679587236,7.8419914,5.368777,-0.29866722,0.5695786
2.38,6.489114900234602,-15.0,-0.2596248073777214,7.879418,5.3720775,-0.27507135,0.5610007
2.4,6.5957229130081645,-15.0,-0.12693334579009902,7.915803,5.375399,-0.29078314,0.5549459
2.42,6.557252918489724,10.414992039292393,-0.19795663656590567,7.9513993,5.3791275,-0.34615645,0.5555455
2.44,6.426656871618218,15.0,-0.4063622241909696,7.9860544,5.383076,-0.37322855,0.5607011
2.46,6.337181297151353,15.0,-0.561053753910746,8.0193,5.3866363,-0.35921702,0.5639163
2.48,6.390938526894878,-11.887162883216241,-0.5171031541214559,8.050845,5.389386,-0.30370936,0.56048644
2.5,6.548115376489684,-15.0,-0.3188401257510429,8.080789,5.3914757,-0.27852184,0.55180615
2.52,6.675983553974405,-15.0,-0.15203848211509602,8.109594,5.393511,-0.29248407,0.54417175
2.54,6.664665155711099,8.94814069530954,-0.17633335516501553,8.13756,5.395962,-0.3460409,0.54269683
2.56,6.5416234337934105,15.0,-0.36646846480035344,8.164593,5.398758,-0.37526578,0.5466319
2.58,6.432390273492299,15.0,-0.5450474941253465,8.190254,5.401331,-0.3635134,0.5500258
2.6,6.455435372009389,-9.577345652363455,-0.5441194291906062,8.214224,5.403191,-0.3103076,0.54748094
2.62,6.596963018665537,-15.0,-0.3694846868736103,8.236545,5.4043803,-0.2811904,0.5391523
2.64,6.734100922241322,-15.0,-0.1880348512724232,8.257638,5.405448,-0.2910879,0.530638
2.66,6.745670284687988,5.196584152316483,-0.17425000962467196,8.277833,5.4069095,-0.34048396,0.5275067
2.68,6.635390157984085,15.0,-0.3383880000590632,8.297096,5.4087925,-0.3755578,0.5301358
2.7,6.515375201509781,15.0,-0.5254547427673022,8.315039,5.410597,-0.36972928,0.53336483
2.72,6.511142431614436,-3.844380979822325,-0.5589932720408423,8.331312,5.411792,-0.32249954,0.5314936
2.74,6.633922639513835,-15.0,-0.41140799249137794,8.3459,5.4123197,-0.28403085,0.52363443
2.7600000000000002,6.775247498064749,-15.0,-0.22529424361507175,8.359161,5.4126573,-0.28446507,0.5145481
2.7800000000000002,6.808252372144237,-3.7532042738053306,-0.17962477105212724,8.371468,5.413354,-0.3242985,0.5100384
2.8000000000000003,6.7119008005135505,15.0,-0.3172902896223659,8.38286,5.4145346,-0.37366146,0.5114963
2.82,6.582932653747946,15.0,-0.5086915410009102,8.393022,5.4157815,-0.3821783,0.51462924
2.84,6.5496150068300585,9.873180048842606,-0.5747260254083104,8.401546,5.4165144,-0.34933865,0.5134544
2.86,6.653987259065247,-15.0,-0.45271980164096304,8.408325,5.4165573,-0.28863794,0.5059918
2.88,6.8043287279470634,-15.0,-0.25879713323581377,8.413624,5.4162974,-0.26672995,0.49610737
2.9,6.867895904209911,-15.0,-0.1760557391024215,8.41791,5.416358,-0.28413182,0.49007985
2.92,6.785402747229188,11.492534280181609,-0.28944226695415404,8.42136,5.4170055,-0.3410642,0.4906119
2.94,6.636875042884126,15.0,-0.49707157303828575,8.423781,5.4179273,-0.366578,0.49436083
2.96,6.558203240425772,15.0,-0.6108903185947128,8.424724,5.418482,-0.3507663,0.49480993
2.98,6.630121600570604,-14.06822795891825,-0.5226483483532964,8.423964,5.418328,-0.29332554,0.48841405
3.0,6.78626591712933,-15.0,-0.3143918109791846,8.421656,5.4177256,-0.27200633,0.47785568
3.02,6.88600200547602,-15.0,-0.17831375780725703,8.418261,5.4173265,-0.28984874,0.46975508
3.04,6.834133930944353,12.257001258030833,-0.24578225723747502,8.414003,5.4175305,-0.34721565,0.46832272
3.06,6.685363681816011,15.0,-0.45292356000701256,8.408735,5.4181395,-0.3712418,0.4715326
3.08,6.57906812643677,15.0,-0.608585007103545,8.402016,5.418507,-0.35406014,0.47289896
3.1,6.6234705922487,-15.0,-0.5659989191571962,8.393595,5.4181876,-0.2952556,0.46771967
3.12,6.775982465608492,-15.0,-0.36926530410625247,8.383583,5.417335,-0.27494174,0.45739797
3.14,6.897250120531283,-15.0,-0.2043474828603002,8.372424,5.4165816,-0.29364315,0.44822773
3.16,6.87213402301956,13.273570610284843,-0.23055203518802458,8.360362,5.4164014,-0.35179964,0.445223
3.18,6.733339122187793,15.0,-0.4195030611107273,8.347285,5.416698,-0.37394512,0.44752777
3.2,6.612956010454781,15.0,-0.5933854762643436,8.332775,5.4168634,-0.35497195,0.44917873
3.22,6.6336199238109215,-15.0,-0.5870497430616609,8.316584,5.4164042,-0.2944164,0.44498703
3.24,6.772884334121346,-15.0,-0.41334744927161854,8.298794,5.415389,-0.2722954,0.43534788
3.2600000000000002,6.90074545203194,-15.0,-0.24058687345868163,8.279823,5.4144015,-0.2890721,0.42590526
3.2800000000000002,6.893993396201617,11.241070069778253,-0.23751461970319593,8.259924,5.413942,-0.34520724,0.4219053
3.3000000000000003,6.767885879568271,15.0,-0.4026849965367095,8.23902,5.413991,-0.37073284,0.4233444
3.3200000000000003,6.642152649666629,15.0,-0.5785928497743285,8.216731,5.414002,-0.3551846,0.4249684
3.34,6.6426789016979555,-13.553584023628027,-0.597210512092422,8.192802,5.4134617,-0.2980935,0.4214981
3.36,6.765729864181466,-15.0,-0.4472246579967879,8.167282,5.412366,-0.2755527,0.41257775
3.38,6.894177146743498,-15.0,-0.2756228990817414,8.140541,5.411234,-0.29181927,0.40312466
3.4,6.903343736868798,10.957366353350118,-0.25042722420639485,8.112824,5.4105678,-0.34735087,0.39834756
3.42,6.793209144327305,15.0,-0.3907943325084413,8.084078,5.4104066,-0.37299502,0.3988793
3.44,6.670085606725402,15.0,-0.5607097205827087,8.05395,5.4102645,-0.35759705,0.40018913
3.46,6.658716363288908,-13.264558520857499,-0.5962006927255434,8.022204,5.4096394,-0.30070385,0.3971746
3.48,6.766809337104186,-15.0,-0.46990574036776883,7.9888735,5.4084826,-0.27759296,0.38900027
3.5,6.890324430430755,-15.0,-0.30816222668069526,7.954299,5.4072566,-0.29322895,0.37989676
3.52,6.907888534731678,10.478568368600428,-0.271408789180153,7.91871,5.406443,-0.3480432,0.37479004
3.54,6.811298127351775,15.0,-0.3903540178449966,7.882065,5.406112,-0.37419084,0.3746472
3.56,6.694761071603261,15.0,-0.5481619693907673,7.8440394,5.4058323,-0.35929754,0.37556335
3.58,6.677209790663309,-12.702647835580173,-0.5908602830197667,7.804413,5.4051275,-0.30294248,0.37277973
3.6,6.772623098012507,-15.0,-0.4833108801118592,7.763213,5.4039273,-0.2788855,0.3652498
3.62,6.888224750997014,-15.0,-0.33478513038527213,7.7207575,5.4026475,-0.2935397,0.3566538
3.64,6.908721239382848,9.612390099227888,-0.29444114453488146,7.6772594,5.4017406,-0.34730113,0.35154223
3.66,6.822076316217407,15.0,-0.3974858955400734,7.632682,5.401288,-0.37464434,0.3509921
3.68,6.713073711679764,15.0,-0.5418652423524084,7.586725,5.4009004,-0.36092758,0.35156956
3.7,6.693286048352234,-11.540535766445863,-0.5853806847521146,7.539181,5.4001293,-0.30576587,0.34888846
3.72,6.779767413380071,-15.0,-0.4906892413481365,7.490075,5.398898,-0.2798179,0.3418639
3.74,6.887586720230504,-15.0,-0.3546547300829086,7.439702,5.3975883,-0.29256144,0.33378682
3.7600000000000002,6.908200648186244,7.826544472609349,-0.3151301582677921,7.3882666,5.3966265,-0.34435922,0.32886168
3.7800000000000002,6.827800075215734,15.0,-0.40792801922390576,7.335738,5.396096,-0.37444586,0.3281587
3.8000000000000003,6.724784817751012,15.0,-0.5411570369497085,7.281839,5.395637,-0.3634447,0.32856262
3.8200000000000003,6.7042382165002445,-8.935575143663335,-0.5830194673740008,7.226363,5.394821,-0.31100044,0.32597914
3.84,6.78502861032959,-15.0,-0.49595343420406435,7.169329,5.3935676,-0.28082967,0.31933817
3.86,6.8879687694296985,-15.0,-0.3685404383309952,7.111009,5.3922343,-0.28933635,0.31167603
3.88,6.9090925055728105,3.8011318416719964,-0.33004307758478396,7.0516114,5.3912354,-0.33686027,0.30698317
3.9,6.832276683536805,15.0,-0.41706384450554695,6.991122,5.3906612,-0.37336773,0.30633897
3.92,6.731252521350495,15.0,-0.5444248601685502,6.9292884,5.390175,-0.36876303,0.3068419
3.94,6.707184807824883,-2.83574258793309,-0.5868949190820998,6.8658905,5.389347,-0.32270652,0.30450442
3.96,6.7846632890119025,-15.0,-0.5039134565713079,6.800922,5.3880777,-0.28264695,0.2981681
3.98,6.88871459091546,-15.0,-0.3780357935178918,6.7346196,5.386703,-0.2812436,0.29068294
4.0,6.9162051216447535,-5.646516113727593,-0.335212571415905,6.667225,5.385656,-0.31883213,0.2860799
4.0200000000000005,6.841417132249083,15.0,-0.4189305422543425,6.5987654,5.38506,-0.37058416,0.28565276
4.04,6.73463687858263,15.0,-0.5496587595000129,6.5290375,5.3846073,-0.38121903,0.2866946
4.0600000000000005,6.697563321294244,15.0,-0.6019619290531222,6.457762,5.383825,-0.35038817,0.28498343
4.08,6.772157552343774,15.0,-0.5219409189347842,6.3848677,5.382547,-0.27795208,0.27891976
4.1,6.888794967108387,15.0,-0.3850679647977236,6.3105226,5.3810706,-0.16412413,0.27111927
4.12,6.938612690674122,-2.5938916977720865,-0.3230284095185837,6.2351003,5.3799295,-0.009269342,0.26621288
4.14,6.862922415852993,-15.0,-0.40553887292721214,6.1591167,5.3794785,0.13952981,0.2669021
4.16,6.700090132232736,-15.0,-0.5801171279713728,6.0831842,5.379605,0.2494104,0.27165702
4.18,6.55861229172999,-15.0,-0.7167604059411214,6.0078073,5.3797927,0.32083797,0.27582487
4.2,6.53546552048482,-5.777773576996005,-0.7124732731029271,5.9333143,5.3795547,0.3541769,0.27548632
4.22,6.627917226488218,3.6986026888880237,-0.581419015998345,5.859972,5.378803,0.3740084,0.27069363
4.24,6.744758446469884,-15.0,-0.44284844997771544,5.788013,5.3778477,0.40525326,0.26519066
4.26,6.79162268566804,-15.0,-0.41499494999220066,5.717628,5.3770514,0.39767906,0.2629779
4.28,6.753898825474995,3.6919562292568675,-0.5135565356102496,5.648961,5.3764563,0.35121152,0.26485017
4.3,6.704824249397479,15.0,-0.6439514439609026,5.581914,5.3758307,0.31595868,0.26805282
4.32,6.709373370177094,15.0,-0.6941841227561587,5.5162206,5.3749256,0.32242304,0.26901004
4.34,6.773470450513977,-4.049956803883141,-0.6324670909294359,5.451715,5.373685,0.37073857,0.26640558
4.36,6.853200898159742,-15.0,-0.5239529446645531,5.388476,5.372284,0.40994078,0.26206
4.38,6.893811936191264,-15.0,-0.46638484821706244,5.326777,5.3709497,0.4105402,0.25904366
4.4,6.881649971827845,-4.50199889293075,-0.5033986729291778,5.2668123,5.36977,0.3723833,0.25892833
4.42,6.848085330511425,15.0,-0.5931756054071635,5.208557,5.3686533,0.3235635,0.26067135
4.44,6.835130334526282,15.0,-0.6551987166258546,5.1518044,5.367443,0.31632546,0.26183382
4.46,6.85895670483632,8.67635757452441,-0.6427010162679994,5.096325,5.3660674,0.3508346,0.26076907
4.48,6.9006988781462235,-15.0,-0.5761551968833531,5.042103,5.364582,0.4101946,0.25787905
4.5,6.930487921643517,-15.0,-0.5178225317768073,4.989324,5.3631153,0.431091,0.25502837
4.5200000000000005,6.930618684167955,-15.0,-0.5153114083698689,4.9382596,5.361716,0.41336828,0.25375214
4.54,6.919045001868605,11.800614643721893,-0.5618064236250826,4.8889894,5.3603487,0.35701972,0.25405744
4.5600000000000005,6.915258817292731,15.0,-0.6114793440882322,4.841416,5.3589363,0.3336376,0.25469714
4.58,6.929758140925765,15.0,-0.624210173130274,4.7952924,5.357465,0.3518861,0.25442898
4.6000000000000005,6.947938038181494,-15.0,-0.5976586224202931,4.750523,5.355953,0.41179913,0.25297424
4.62,6.962071418647636,-15.0,-0.5601738416332798,4.7072005,5.354446,0.43330595,0.25107056
4.64,6.965987816210352,-15.0,-0.5437211507981486,4.665582,5.352932,0.41630656,0.24964479
4.66,6.972512569533642,10.954437741180264,-0.5558303847217148,4.62576,5.351408,0.36075708,0.24908997
4.68,6.979915182431675,15.0,-0.5812732497807225,4.5876646,5.3498855,0.33590165,0.24913453
4.7,6.984700980795994,15.0,-0.5995673082940742,4.551068,5.348413,0.35259628,0.24922486
4.72,6.977919318570271,-15.0,-0.6011451503709755,4.5158625,5.3469925,0.41088977,0.24891366
4.74,6.970316038043685,-15.0,-0.5883008598264288,4.482112,5.345589,0.4307863,0.24811745
4.76,6.970621454248186,-15.0,-0.5717818783388,4.450048,5.344124,0.41225165,0.24704476
4.78,6.989674648859519,12.595570481651485,-0.5607664341112424,4.419756,5.3425946,0.35524175,0.24608903
4.8,7.009701816665455,15.0,-0.5615884289590845,4.391177,5.341076,0.3333154,0.24564093
4.82,7.012544898669682,15.0,-0.5749468353623264,4.364094,5.339681,0.35288662,0.24584608
4.84,6.988300473187565,-15.0,-0.5937808573449193,4.338412,5.338418,0.41399103,0.24638145
4.86,6.961284763469807,-15.0,-0.6033865854562376,4.314193,5.3371954,0.43667886,0.24664953
4.88,6.95494793285381,-15.0,-0.5943347284719437,4.2916613,5.335864,0.42097571,0.24619578
4.9,6.983868108847625,9.475765763301716,-0.5700051981363536,4.2709064,5.334395,0.36685747,0.2451887
4.92,7.020604152768831,15.0,-0.5494280511488498,4.251891,5.3328943,0.33952796,0.24439906
4.94,7.033129437624458,15.0,-0.5522129587609355,4.234427,5.331534,0.3536636,0.24459502
4.96,7.005041020562388,-13.004097030978336,-0.5798193413768025,4.2184067,5.3303614,0.40927178,0.24577543
4.98,6.964510738206543,-15.0,-0.6091658492334124,4.203864,5.3292713,0.43174857,0.24710281
5.0,6.947619856986198,-15.0,-0.6134891713758377,4.190989,5.328071,0.4158498,0.24756923
5.0200000000000005,6.975987908559366,9.98055924578508,-0.5856609140750884,4.179859,5.3266954,0.36158702,0.24696086
5.04,7.020813411997146,15.0,-0.5490775175360689,4.1704383,5.325258,0.3355008,0.24614409
5.0600000000000005,7.040020646424014,15.0,-0.5378794477656825,4.162548,5.3239703,0.3508788,0.24633625
5.08,7.00919934596166,-13.94542719735913,-0.5650317465054011,4.1560955,5.322914,0.40769112,0.24792692
5.1000000000000005,6.957904166594594,-15.0,-0.6064812548871004,4.151119,5.3219814,0.4288224,0.25008392
5.12,6.930470561188627,-15.0,-0.6239131586774875,4.147804,5.320943,0.41157097,0.25144765
5.14,6.956714613033905,11.472051961369253,-0.5987865492945164,4.1462116,5.3197,0.35598332,0.25143144
5.16,7.0073302630432694,15.0,-0.5531183187854536,4.146299,5.3183603,0.33258456,0.2508276
5.18,7.033804764176234,15.0,-0.5298643091221575,4.1478896,5.317162,0.35066077,0.25110987
5.2,7.004500280930642,-15.0,-0.5524147923357137,4.15091,5.3162127,0.41014996,0.2530049
5.22,6.948430827708896,-15.0,-0.5998151540627472,4.155412,5.3154116,0.43111226,0.2558069
5.24,6.914377331260107,-15.0,-0.627679474959691,4.1615863,5.314509,0.4136741,0.25798208
5.26,6.938686993611026,11.49942100409313,-0.6081049964089069,4.169485,5.3133783,0.3579097,0.25864825
5.28,6.993919827702902,15.0,-0.5588754973911514,4.179061,5.312115,0.33443207,0.25844374
5.3,7.0282611764482965,15.0,-0.5268860945800884,4.190141,5.310968,0.35244477,0.25894684
5.32,7.004496325240451,-15.0,-0.5434935804427304,4.20266,5.3100696,0.4118625,0.2611384
5.34,6.948145270386692,-15.0,-0.5927403424578601,4.2166743,5.3093376,0.4327295,0.26448888
5.36,6.909492740529105,-15.0,-0.628255399871605,4.2323713,5.308518,0.4151772,0.26741993
5.38,6.930080884186998,11.500244130704196,-0.6154230903343613,4.249797,5.307464,0.35930023,0.2688344
5.4,6.986251885736342,15.0,-0.5664853967683434,4.268898,5.3062544,0.3357317,0.26917875
5.42,7.025668199314251,15.0,-0.5286460355529445,4.2895036,5.3051367,0.3536738,0.2700196
5.44,7.007275800144747,-15.0,-0.538647165760779,4.311553,5.3042607,0.4130256,0.2725059
5.46,6.952509685406443,-15.0,-0.5862589634414872,4.335108,5.303563,0.4338138,0.2763032
5.48,6.9109546666461785,-15.0,-0.6263110230085649,4.3603554,5.302795,0.41616538,0.27989078
5.5,6.927295789353065,-15.0,-0.6201789286376577,4.387337,5.301799,0.3601871,0.28204542
5.5200000000000005,6.981695443406217,-15.0,-0.5743436769267327,4.415994,5.300635,0.26586264,0.28302002
5.54,7.023606625800934,15.0,-0.5335962694320926,4.446154,5.299542,0.13306977,0.28428358
5.5600000000000005,7.009960766992047,15.0,-0.5373619442655578,4.477472,5.298769,0.04169982,0.28708646
5.58,6.936480038525052,15.0,-0.5815846027430176,4.5093846,5.2983947,-0.008237172,0.2911146
5.6000000000000005,6.841739496333971,2.9510887985852254,-0.6187067624085583,4.541464,5.2982736,-0.016623273,0.29470515
5.62,6.778495830877199,-15.0,-0.6049419791067796,4.5734644,5.2982354,-0.01548992,0.29641148
5.64,6.753801958558131,-15.0,-0.5438865901708937,4.6053553,5.2982564,-0.052743386,0.29641402
5.66,6.734131578840296,-0.6708205367868132,-0.48471635601775537,4.6371803,5.2984505,-0.12854648,0.29631686
5.68,6.686844706471059,15.0,-0.47335332708716327,4.668821,5.2989116,-0.20484585,0.29750037
5.7,6.615806599844228,15.0,-0.5058488040041399,4.699966,5.2995644,-0.23988295,0.29973543
5.72,6.560592898914106,10.942308658170042,-0.5334636301345419,4.7302814,5.3001904,-0.23357111,0.30146646
5.74,6.555873228751104,-15.0,-0.5132967927632377,4.7596083,5.3006344,-0.19665723,0.30155367
5.76,6.588382950613256,-15.0,-0.4555443166404822,4.7879863,5.3009453,-0.19837455,0.30057138
5.78,6.610625993418022,-14.688520487088716,-0.4127834557639103,4.815603,5.3013277,-0.23887709,0.30042818
5.8,6.585185829894132,15.0,-0.42886144274758964,4.8424783,5.30189,-0.31744826,0.30232635
5.82,6.533386983004846,15.0,-0.48499781230144995,4.868438,5.302518,-0.3548758,0.30547622
5.84,6.507302082731835,15.0,-0.51985805581482,4.8931327,5.3029118,-0.35101002,0.30759153
5.86,6.552132085269298,-4.150438958578924,-0.4839757507405865,4.916393,5.302899,-0.30575794,0.3073152
5.88,6.639927223866787,-15.0,-0.4025156931744093,4.9382496,5.3025966,-0.2702831,0.30572012
5.9,6.70299911294084,-15.0,-0.35052616710117657,4.958929,5.302337,-0.2737349,0.30559078
5.92,6.689195791464746,-0.059469245145045146,-0.38492806860436346,4.9786043,5.302346,-0.31625193,0.30877715
5.94,6.621329758776333,15.0,-0.48138973478509095,4.99724,5.302532,-0.3579011,0.31428942
5.96,6.573147795067616,15.0,-0.5527411392963356,5.0146055,5.3025537,-0.35826653,0.3189825
5.98,6.604892337534092,7.256545843407331,-0.528038616274358,5.0304875,5.302131,-0.317158,0.3203986
6.0,6.704502473610434,-15.0,-0.4229875554749857,5.0448937,5.3013377,-0.2552906,0.31921855
6.0200000000000005,6.790255738859046,-15.0,-0.3331142493411235,5.05805,5.300557,-0.23229522,0.31884858
6.04,6.787521199032645,-15.0,-0.3469958859469975,5.070269,5.3001633,-0.24841152,0.32244775
6.0600000000000005,6.695645504333991,15.0,-0.46353902351705384,5.081639,5.3001623,-0.3036025,0.3298267
6.08,6.599239778201542,15.0,-0.5819174680222423,5.092019,5.300203,-0.31755736,0.33747637
6.1000000000000005,6.583439783035293,15.0,-0.5955238098285962,5.1011047,5.2998543,-0.28996047,0.34145728
6.12,6.669882479889299,-10.719337381528057,-0.48357270869793395,5.1088233,5.299045,-0.22077551,0.34117505
6.140000000000001,6.77645058262905,-15.0,-0.34523152509510313,5.115359,5.29813,-0.17888592,0.34004703
6.16,6.80216979742188,-15.0,-0.30769051780361706,5.121097,5.297605,-0.17607571,0.3426368
6.18,6.71061129714081,1.8714728727463457,-0.41446759743618933,5.126244,5.2976317,-0.21244499,0.3503592
6.2,6.577468554250877,15.0,-0.5739353405946758,5.1307387,5.297911,-0.24271843,0.36013016
6.22,6.5111791689763585,15.0,-0.6449607407280497,5.1343145,5.2979436,-0.23146138,0.3670071
6.24,6.561926214696355,3.3326315208650716,-0.5619085294984223,5.1367865,5.2974777,-0.17848442,0.36860222
6.26,6.674489812587369,-15.0,-0.39664933628322446,5.138256,5.2967434,-0.115122035,0.36730695
6.28,6.736256543284728,-15.0,-0.297348484283967,5.1390734,5.2962537,-0.090701915,0.36825323
6.3,6.677939858482666,-15.0,-0.3564880079708199,5.139588,5.2963433,-0.10548886,0.3747524
6.32,6.5379562502279684,14.772351872670662,-0.5260767625495841,5.1398587,5.2968636,-0.15932517,0.3852404
6.34,6.428824948489647,15.0,-0.6567288442525971,5.1396875,5.297326,-0.17236567,0.39467415
6.36,6.432591265910286,15.0,-0.6339911013017168,5.138736,5.2973084,-0.14365488,0.39881572
6.38,6.537446013073418,-11.325244594161667,-0.4735467573484731,5.1369586,5.296843,-0.07325347,0.39811653
6.4,6.638377920965645,-15.0,-0.31698268102395044,5.1346097,5.2963805,-0.031789914,0.3973357
6.42,6.635520629117246,-15.0,-0.30305264995468617,5.132125,5.296398,-0.029481068,0.4014526
6.44,6.518946113809924,-1.588380673696555,-0.4483255970695479,5.129694,5.296953,-0.06636408,0.41111907
6.46,6.384939495522044,15.0,-0.6242849084435607,5.1271973,5.297646,-0.10628724,0.42213055
6.48,6.34185655572962,15.0,-0.6768322848710936,5.1243176,5.2979746,-0.10454564,0.42912516
6.5,6.4172794957542605,9.004182227363309,-0.5605284867863095,5.12083,5.297759,-0.06099916,0.43023044
6.5200000000000005,6.5384031568132155,-15.0,-0.3763155253958119,5.116844,5.2972994,0.00805321,0.42871937
6.54,6.592389615432806,-15.0,-0.2851062206083208,5.112719,5.2971077,0.038109094,0.43015134
6.5600000000000005,6.526321916565745,-15.0,-0.3666153368945294,5.108836,5.297458,0.028925266,0.43758386
6.58,6.392822404891233,3.3620063427951763,-0.5519055118828914,5.1052423,5.2981386,-0.019280918,0.44883105
6.6000000000000005,6.305571948593463,15.0,-0.6793070510447734,5.1017137,5.298653,-0.057050005,0.45847693
6.62,6.333829814278501,15.0,-0.6410885358725437,5.0979133,5.298648,-0.053007614,0.46250987
6.640000000000001,6.447674922504909,5.422252172080299,-0.47136319043122005,5.0937147,5.2981973,-0.0072556585,0.46170282
6.66,6.547914301955122,-15.0,-0.315214007263114,5.0893083,5.2977366,0.054212607,0.46089828
6.68,6.547980200965404,-15.0,-0.30441902265142695,5.085052,5.2976923,0.07652145,0.46487167
6.7,6.4465848931595495,-15.0,-0.446519305832187,5.081217,5.2981095,0.059642076,0.47431183
6.72,6.331104244615398,7.168699144269304,-0.620301491682738,5.0777445,5.298619,0.0039534234,0.48524573
6.74,6.299993966124002,15.0,-0.6779618856959694,5.0743713,5.2987704,-0.03096456,0.49255392
6.76,6.375260632333327,15.0,-0.5748776280737301,5.0707946,5.2984037,-0.024074653,0.4941876
6.78,6.491635063713863,1.2073495870281126,-0.3990724551823499,5.0669785,5.2977633,0.024348253,0.49280658
6.8,6.553847906028367,-15.0,-0.29712526737047895,5.0631485,5.2972946,0.077054955,0.4934615
6.82,6.5121467948355525,-15.0,-0.3508704171025247,5.0596256,5.297276,0.090553984,0.49940178
6.84,6.402759481195807,-15.0,-0.512768905320002,5.0565724,5.2975802,0.06498867,0.50941235
6.86,6.320137949965409,13.876132603065308,-0.6464643377633696,5.053858,5.297795,0.00079075247,0.51890576
6.88,6.3332105148234215,15.0,-0.6416085262262885,5.0512133,5.2975826,-0.024680242,0.5238599
6.9,6.427296666052639,15.0,-0.5071247556767128,5.0483704,5.29694,-0.008440284,0.5239402
6.92,6.525673921351302,-8.348830676201068,-0.35297031134416235,5.045378,5.2961874,0.049152,0.5227638
6.94,6.551026107077468,-15.0,-0.30493640607064326,5.0424895,5.2957144,0.085421994,0.5248391
6.96,6.484571750371698,-15.0,-0.39878115450381696,5.0400076,5.295661,0.08250515,0.5319466
6.98,6.38251936887389,-6.74544815512494,-0.5562290426204561,5.037974,5.295796,0.040651735,0.54162216
7.0,6.332237671344522,15.0,-0.6450179196652868,5.036182,5.295726,-0.017706264,0.54930973
7.0200000000000005,6.374174221326112,15.0,-0.5932804368977048,5.034341,5.295226,-0.034344222,0.5521498
7.04,6.47123614299342,15.0,-0.4461962682038816,5.032263,5.2944007,-0.009400103,0.5511438
7.0600000000000005,6.546946125485915,-15.0,-0.32160355577354527,5.030058,5.293596,0.056733873,0.5503222
7.08,6.542783973239809,-15.0,-0.3184282559045729,5.0279884,5.293128,0.08372546,0.55342823
7.1000000000000005,6.46305156812489,-15.0,-0.4355536984353136,5.0263433,5.29303,0.071566194,0.56104386
7.12,6.372935684156585,1.1854387247876375,-0.5792998956506206,5.0250897,5.293015,0.020568404,0.5699865
7.140000000000001,6.348050556974466,15.0,-0.6303727242963842,5.023989,5.292731,-0.025723416,0.5760302
7.16,6.406561866942774,15.0,-0.5490178651141038,5.022754,5.2920413,-0.030334245,0.57730395
7.18,6.499584573301467,9.215597758244222,-0.4021489934459941,5.0212884,5.2911196,0.006518971,0.57571733
7.2,6.554596019424479,-15.0,-0.3070022669716131,5.0197606,5.290312,0.06901951,0.57539034
7.22,6.528997426525205,-15.0,-0.33813329383054713,5.018454,5.2898655,0.092338726,0.57933354
7.24,6.443559398225024,-15.0,-0.46828297612462516,5.0175986,5.289726,0.07655963,0.5871312
7.26,6.368331958459671,2.653552611216547,-0.5938327602934814,5.017122,5.2895794,0.0220293,0.5952088
7.28,6.3653089673146415,15.0,-0.612873484879131,5.0167847,5.2891245,-0.023841344,0.5998357
7.3,6.434244252935964,15.0,-0.513259205860052,5.016325,5.288304,-0.02807766,0.6000182
7.32,6.519261446050349,7.377664361385506,-0.37511801907852066,5.0156765,5.287329,0.009054711,0.59817964
7.34,6.556755882800072,-15.0,-0.3058054248603333,5.0150046,5.2865205,0.06686117,0.59819615
7.36,6.519269760659877,-15.0,-0.3566616314081916,5.014565,5.2860613,0.085483104,0.60235614
7.38,6.436753875466045,-15.0,-0.4846329129919083,5.01454,5.28585,0.065056145,0.6096628
7.4,6.375675026883352,6.656419293667533,-0.58917059468091,5.014835,5.285584,0.005921539,0.6165794
7.42,6.384767322344686,15.0,-0.5870087702332212,5.0152135,5.2850137,-0.033891495,0.61993706
7.44,6.453706570703517,15.0,-0.48284040088850466,5.015421,5.2841253,-0.032139182,0.619286
7.46,6.528359333098847,1.7123786804767964,-0.3573461986148787,5.015426,5.283137,0.010900702,0.6172121
7.48,6.553636552367806,-15.0,-0.3067676638201602,5.015409,5.2823377,0.05945985,0.61728567
7.5,6.510776732805632,-15.0,-0.36777793710397605,5.015628,5.28187,0.06883705,0.62132573
7.5200000000000005,6.432584350346569,-15.0,-0.4914810530639276,5.016211,5.281608,0.039194994,0.6279891
7.54,6.381652111529354,15.0,-0.5803240308024153,5.0170245,5.281263,-0.029136442,0.63380116
7.5600000000000005,6.3980436490634265,15.0,-0.563414952828889,5.017812,5.28062,-0.05592035,0.6359605
7.58,6.466104504549391,15.0,-0.4553511582448929,5.018297,5.2796836,-0.041201822,0.6343231
7.6000000000000005,6.535624627475142,-8.068094278685784,-0.33556444843646605,5.0185127,5.27868,0.014730971,0.6316826
7.62,6.5535330352340635,-15.0,-0.2977733340965081,5.0186915,5.277893,0.050043687,0.6315734
7.640000000000001,6.50429375460416,-15.0,-0.3712743337387971,5.019133,5.277445,0.04615047,0.6355836
7.66,6.424387119107861,-5.8560671088635345,-0.5008509623554185,5.019889,5.277179,0.003247317,0.6419194
7.68,6.379066981430612,15.0,-0.5814609684098209,5.020757,5.276792,-0.05393641,0.64683986
7.7,6.404439953680597,15.0,-0.5472101001711858,5.021433,5.2760816,-0.06956958,0.647653
7.72,6.479164902519416,15.0,-0.42418085017407225,5.021712,5.275087,-0.04374352,0.6447726
7.74,6.547038795418553,-15.0,-0.30637780683542293,5.0216985,5.2740717,0.023213677,0.6415166
7.76,6.554366602262463,-15.0,-0.287560880458729,5.0216746,5.273325,0.050987884,0.64148366
7.78,6.4930411422876455,-15.0,-0.3833462083651727,5.021964,5.272933,0.039528925,0.64583766
7.8,6.4090455576409395,0.7103682132146432,-0.5230236831095136,5.0225515,5.272686,-0.010907769,0.6520939
7.82,6.372229119602106,15.0,-0.5921631552313962,5.023185,5.272259,-0.05805542,0.65616345
7.84,6.411624972671252,15.0,-0.5344628119305608,5.023541,5.271472,-0.06362397,0.65560734
7.86,6.495502898208778,11.173744477127876,-0.3945404243643615,5.023494,5.2704215,-0.027767293,0.6515889
7.88,6.559077516592555,-15.0,-0.2827943009999995,5.023219,5.269416,0.038938142,0.6480096
7.9,6.551377190361712,-15.0,-0.2891689862794949,5.023037,5.268737,0.0663977,0.6484027
7.92,6.476210152239054,-15.0,-0.40968739599035403,5.023234,5.2684093,0.054628376,0.6532131
7.94,6.3925642864545615,-0.9259144223906688,-0.5525866265584567,5.0237556,5.268167,0.0039515607,0.6592468
7.96,6.3695263513829365,15.0,-0.602312528566858,5.0243406,5.2676816,-0.047720797,0.6623229
7.98,6.4240811495357,15.0,-0.5208929826192255,5.0246925,5.2668223,-0.057786994,0.6605611
8.0,6.511694226496369,14.080844242227577,-0.37358924359136975,5.024702,5.265739,-0.026464142,0.6557676
8.02,6.566616191751304,-15.0,-0.27460602149222413,5.024538,5.2647514,0.043403856,0.65201956
8.040000000000001,6.547114598514959,-15.0,-0.3002231508444886,5.0244837,5.264108,0.07400414,0.6524528
8.06,6.467693369867726,-15.0,-0.4284770771598456,5.0248117,5.263792,0.06540503,0.65699863
8.08,6.3896488804309435,-4.906974775000016,-0.5630883288195871,5.025469,5.2635202,0.01794853,0.66226935
8.1,6.376380250915401,15.0,-0.5977154119984062,5.026218,5.2629867,-0.041091666,0.66434854
8.120000000000001,6.435690811150688,15.0,-0.5086601371621443,5.026799,5.2620993,-0.05853796,0.6618241
8.14,6.519007007539253,15.0,-0.3682277556304602,5.0270834,5.261022,-0.03462783,0.6566648
8.16,6.566066414393931,-15.0,-0.2817797230491507,5.027199,5.260054,0.03026424,0.6526896
8.18,6.543428340004738,-15.0,-0.3124602605380185,5.027377,5.25941,0.05590772,0.65261334
8.2,6.468829456499758,-15.0,-0.4325743988985633,5.027862,5.259062,0.04238443,0.6561907
8.22,6.398268617835808,1.6922584966814256,-0.5528220792443763,5.0285916,5.258746,-0.009985324,0.66023403
8.24,6.388186008747648,15.0,-0.5785605721564048,5.0293293,5.258187,-0.0563682,0.6611973
8.26,6.443621641056128,15.0,-0.4919424224173701,5.0298066,5.257302,-0.06120825,0.65786844
8.28,6.520534593823813,9.429744844062917,-0.36056192847574275,5.0299463,5.2562513,-0.024736457,0.65225655
8.3,6.561876733791995,-15.0,-0.2850703083263019,5.029918,5.2553253,0.037842818,0.64805245
8.32,6.53548657725796,-15.0,-0.32329987770198515,5.029993,5.2547255,0.061182283,0.6477861
8.34,6.460080931657906,-15.0,-0.4454811309403437,5.0303936,5.2544026,0.04538388,0.6509692
8.36,6.393805138361621,3.247013463871518,-0.5600915755321527,5.031044,5.2540874,-0.009226568,0.65433395
8.38,6.3895211376822365,15.0,-0.5772036461793728,5.031708,5.2535152,-0.05368474,0.65448135
8.4,6.448225481195356,15.0,-0.48608534114474006,5.032121,5.2526236,-0.05660371,0.65043604
8.42,6.523855891195573,7.2183889356092195,-0.35749141813575913,5.032222,5.2515864,-0.018226456,0.64436555
8.44,6.560572438252139,-15.0,-0.29004162617036566,5.0321827,5.250691,0.040353145,0.6399095
8.46,6.53007943602277,-15.0,-0.3351765065970168,5.032271,5.250122,0.059706196,0.63938767
8.48,6.454410113797039,-15.0,-0.4579367702941124,5.03268,5.2498116,0.039953053,0.6420726
8.5,6.392409862406998,7.062953691842232,-0.5654502284019722,5.033318,5.249486,-0.018578928,0.64464587
8.52,6.393570675932783,15.0,-0.5733453224644658,5.033944,5.248894,-0.0567685,0.64388216
8.540000000000001,6.454607104410864,15.0,-0.47796572880340155,5.0342917,5.2479906,-0.053429157,0.639041
8.56,6.528666047082264,1.8104125319223034,-0.35237196071356813,5.034332,5.2469635,-0.008815244,0.6324784
8.58,6.560343266367427,-15.0,-0.2941672632234867,5.034258,5.246102,0.041566096,0.62781787
8.6,6.524182750396877,-15.0,-0.34862080988859495,5.03435,5.2455754,0.052731887,0.6271727
8.620000000000001,6.446291403774619,-15.0,-0.47465225694005647,5.034752,5.2452874,0.024827337,0.62946844
8.64,6.388815755698345,15.0,-0.5744748329379963,5.035334,5.2449517,-0.041811466,0.63122445
8.66,6.39761260338638,15.0,-0.5689409045026654,5.0358343,5.244329,-0.06691834,0.6293704
8.68,6.463815768096577,15.0,-0.4642146527466219,5.035972,5.243394,-0.050508045,0.6234771
8.700000000000001,6.538323762342315,-8.50777266403751,-0.33867091016639195,5.0357857,5.242366,0.007140156,0.61629385
8.72,6.563071071409135,-15.0,-0.2931577381494798,5.035523,5.2415495,0.043004088,0.6115767
8.74,6.515990621263143,-15.0,-0.36538771855788804,5.0355005,5.2410946,0.039649777,0.6111895
8.76,6.431583102346379,-5.719428034695774,-0.5023210442999739,5.0357747,5.240853,-0.0027301647,0.6134153
8.78,6.379650004357081,15.0,-0.5930946169303958,5.0361414,5.2405043,-0.059022393,0.61434376
8.8,6.402253436889015,15.0,-0.5640828006041019,5.036293,5.239819,-0.07373304,0.6110424
8.82,6.480459678205177,15.0,-0.438753597859015,5.036027,5.2388268,-0.046939462,0.60383916
8.84,6.5543016688879385,-15.0,-0.3155745613663917,5.035452,5.237805,0.021024115,0.59617627
8.86,6.564484590112213,-15.0,-0.29485163652703766,5.034853,5.237067,0.04982923,0.5918499
8.88,6.500179406613558,-15.0,-0.3947954610577186,5.034555,5.236712,0.03942062,0.59209496
8.9,6.4102396070840575,0.3103559039372712,-0.5410305525757254,5.0345473,5.2365184,-0.0099352,0.59433067
8.92,6.369871879848633,15.0,-0.6139261267008211,5.0345883,5.236138,-0.057020657,0.59432256
8.94,6.411262787410039,15.0,-0.5553960036055668,5.034369,5.235377,-0.06246898,0.5895989
8.96,6.500258405055832,11.160774553143675,-0.4133756056565536,5.0337667,5.2343416,-0.02643625,0.58142424
8.98,6.566950515594314,-15.0,-0.30248001952932246,5.032949,5.2333627,0.040460873,0.5738163
9.0,6.55711545917483,-15.0,-0.31333525942279883,5.0322185,5.232735,0.06816461,0.5703032
9.02,6.476542051498294,-15.0,-0.4383061499149705,5.0318503,5.2324758,0.05670391,0.5711743
9.040000000000001,6.389223556410037,-0.5203009723045753,-0.5808056583836088,5.0317984,5.2322946,0.0064120293,0.57310086
9.06,6.368059044332225,15.0,-0.6256270604153154,5.0318265,5.231849,-0.043718502,0.5719447
9.08,6.427836791495308,15.0,-0.5402110555639859,5.031664,5.2310166,-0.052180696,0.56605357
9.1,6.519020663709361,12.163685817344195,-0.3958236530309017,5.0312104,5.2299714,-0.019202333,0.55746484
9.120000000000001,6.571711897300071,-15.0,-0.3072270730478763,5.030617,5.229054,0.04726805,0.5502534
9.14,6.545003856170903,-15.0,-0.34369120769418415,5.0301394,5.228507,0.07455771,0.54727817
9.16,6.459484984563179,-15.0,-0.4744521053687447,5.0300155,5.228279,0.06276388,0.54806274
9.18,6.383311840999853,-0.862589324220643,-0.5984923322597219,5.0301948,5.2280602,0.012235258,0.54908895
9.200000000000001,6.378451619128212,15.0,-0.6175193735783385,5.03047,5.227548,-0.038997624,0.54674363
9.22,6.445540135937724,15.0,-0.521452697218595,5.030606,5.226683,-0.04858379,0.5401319
9.24,6.529158855453581,11.585249834257375,-0.39004857792982267,5.0305085,5.225671,-0.016779419,0.53161496
9.26,6.566630453990753,-15.0,-0.3257042717383869,5.030302,5.224826,0.046959076,0.5249013
9.28,6.530318885041847,-15.0,-0.37625554095623237,5.0302,5.2243323,0.07156612,0.5221378
9.3,6.448853354478701,-15.0,-0.4991449491579746,5.030412,5.2240996,0.05717652,0.52239513
9.32,6.386197867674269,1.743333548001793,-0.6002165148548436,5.030892,5.223831,0.004117973,0.5223463
9.34,6.392135364777856,15.0,-0.6008899516985048,5.031456,5.2232757,-0.042691108,0.51901907
9.36,6.458223241954557,15.0,-0.5058543030977739,5.0318837,5.2224154,-0.047897823,0.5120415
9.38,6.530797179308701,6.870227971912719,-0.3923747839255983,5.0320945,5.2214594,-0.011755593,0.5037996
9.4,6.556047544159908,-15.0,-0.3479547749660981,5.032202,5.220687,0.043753576,0.49753422
9.42,6.515511651372984,-15.0,-0.4047174133398514,5.03241,5.2202373,0.06019063,0.4948429
9.44,6.440369503611214,-15.0,-0.5165566676182087,5.0328875,5.2199955,0.037706934,0.49452984
9.46,6.390056100658122,10.299720910827055,-0.5972757811644518,5.0335727,5.2196865,-0.023399275,0.49352
9.48,6.403643277369886,15.0,-0.5843404893297177,5.0342793,5.2191033,-0.05544683,0.4893741
9.5,6.467066871270984,15.0,-0.49194795878612674,5.03477,5.2182527,-0.04593615,0.48206037
9.52,6.531082063612043,-5.5703477533516335,-0.3922480067871092,5.0350175,5.217346,0.0048863925,0.47400883
9.540000000000001,6.546797541520074,-15.0,-0.3639540083217411,5.0351744,5.2166452,0.041900672,0.46818453
9.56,6.500725148155801,-15.0,-0.42904621271351134,5.0354857,5.2162566,0.039885495,0.4658092
9.58,6.427595587694067,-6.296207726232787,-0.5376571639989384,5.0360336,5.2160316,-0.0009855516,0.4652941
9.6,6.38744150526354,15.0,-0.6022984395000567,5.03669,5.2156935,-0.057212733,0.46353534
9.620000000000001,6.411879473076183,15.0,-0.5713001908176173,5.037217,5.2150636,-0.07183379,0.45843711
9.64,6.47981496918572,15.0,-0.47070965862196684,5.037417,5.2141876,-0.044931382,0.45051423
9.66,6.539168254092317,-15.0,-0.37987122762952286,5.037338,5.2133126,0.023226246,0.44256642
9.68,6.541646801780424,-15.0,-0.37292932989453953,5.037188,5.2126956,0.05239687,0.43743664
9.700000000000001,6.482910000006184,-15.0,-0.45686005740135294,5.037259,5.212396,0.042561974,0.43582112
9.72,6.407944598824698,-0.1066258231567545,-0.5686526387788913,5.0375834,5.212208,-0.006054625,0.43551347
9.74,6.379655799856856,15.0,-0.6168112348550019,5.038005,5.2118397,-0.05343915,0.4332688
9.76,6.419781226820294,15.0,-0.5636865603484473,5.0382757,5.2111516,-0.059178855,0.427432
9.78,6.494732408505845,8.197869983969177,-0.4536597256100323,5.0382576,5.2102556,-0.023415398,0.4192344
9.8,6.545536197697725,-15.0,-0.37578016552178967,5.0380383,5.2094345,0.035418805,0.4118205
9.82,6.530644424862675,-15.0,-0.3937307235584648,5.0378428,5.2089186,0.055255093,0.40770572
9.84,6.460312234896682,-15.0,-0.4936646856595821,5.037896,5.20869,0.036141332,0.4067648
9.86,6.3917773717515916,8.207896151261558,-0.5961079109896523,5.038181,5.2084923,-0.021655984,0.40625635
9.88,6.38219605508631,15.0,-0.617089842309176,5.03852,5.208053,-0.05597596,0.4031533
9.9,6.437123441873565,15.0,-0.5419831132179437,5.038659,5.2072973,-0.048650365,0.39653972
9.92,6.511916642914041,-3.2334949298947673,-0.432285457351096,5.0385313,5.2064033,0.000120509416,0.38837546
9.94,6.546748340210392,-15.0,-0.37818723501695606,5.038271,5.205667,0.04142149,0.38188788
9.96,6.512152834540214,-15.0,-0.4241644205477347,5.0381274,5.205262,0.043730978,0.37896493
9.98,6.434975694216303,-9.103675081436485,-0.5338072895568771,5.0382266,5.2050834,0.007171575,0.37853646
